id,text,screen_name,created_at,retweet_count,favorite_count,friends_count,followers_count,lang,country
1249023543012188168,I hate that this is reality but if we don't continue to name the ppl dying and when appropriate show their beautifu… https://t.co/7kKF7U8atl,teandoranges,Sat Apr 11 17:16:33 +0000 2020,0,0,770,776,en,None
1249023543272038401,"RT @Phil_Lewis_: In three days last week, Sandy Brown lost her whole family: her husband of 35 years and her 20-year-old son to the novel c…",thatMeganRN,Sat Apr 11 17:16:33 +0000 2020,0,0,501,619,en,None
1249023543272017921,"RT @juicy_j44: Us in 2019 making Summer 2020 plans , buying concert/festival tickets and travel plans :

Coronavirus : https://t.co/A1ElI04…",SummerSooSwavey,Sat Apr 11 17:16:33 +0000 2020,0,0,850,960,en,None
id,text,screen_name,created_at,retweet_count,favorite_count,friends_count,followers_count,lang,country
1249023809493049345,"“I blessed him and absolved him from sins, he squeezed my hand tightly and I stayed there with him until his eyes c… https://t.co/Db1mf11bBI",TiknisArts,Sat Apr 11 17:17:36 +0000 2020,0,0,4834,1890,en,None
id,text,screen_name,created_at,retweet_count,favorite_count,friends_count,followers_count,lang,country
1249024830164197376,RT @sihamese: the first thing i do when i wake up everyday now is check up on these newborn babies from Thailand who are all wearing mini f…,adawoun,Sat Apr 11 17:21:39 +0000 2020,0,0,440,441,en,None
1249024830193782789,"RT @ForRevolucion: Que hdlgp!!!! 
La Xunta no renueva los contratos de los sanitarios infectados con coronavirus. 
https://t.co/eBgr99QlQR",FRAJAMI1,Sat Apr 11 17:21:39 +0000 2020,0,0,187,171,es,None
1249024830206291968,"RT @EmmaVigeland: It’s interesting to me that liberals are just now realizing that Bill Maher is xenophobic.

His affinity for Sam Harris’…",MechaGojira89,Sat Apr 11 17:21:39 +0000 2020,0,0,374,59,en,None
1249024830176997376,RT @AFP: World-renowned British primatologist Jane Goodall says the coronavirus pandemic was caused by humanity's disregard for nature and…,ChrisGannaway1,Sat Apr 11 17:21:39 +0000 2020,0,0,772,437,en,None
1249024830315401216,RT @BarackObama: No one should be forced to choose between their right to vote and their right to stay healthy like the debacle in Wisconsi…,enriquedelarica,Sat Apr 11 17:21:39 +0000 2020,0,0,297,1444,en,None
1249024830197968898,"RT @julie_kelly2: On March 28, two days after the Murray model was published, Birx and Fauci presented the charts to the president. As he c…",goitia2017,Sat Apr 11 17:21:39 +0000 2020,0,0,315,391,en,None
1249024830105673728,RT @Sillyshib: Where the f*** are you? Why are medical staff and carers working without the correct PPE without an intervention from YOU???…,pwsimerimiaw,Sat Apr 11 17:21:39 +0000 2020,0,0,8613,7875,en,None
id,text,screen_name,created_at,retweet_count,favorite_count,friends_count,followers_count,lang,country
1249024866415775746,RT @TheRickWilson: I keep coming back to this.,YvoTell,Sat Apr 11 17:21:48 +0000 2020,0,0,436,44,en,None
1249024866285752322,"Un ciudadano de 59 años, se suma a la lista de pacientes positivos a Coronavirus en el país, de acuerdo el Minsa ha… https://t.co/7eMmYhdV9F",BOLETINECOLOGI,Sat Apr 11 17:21:48 +0000 2020,0,0,1486,3521,es,None
1249024866600148992,Texas wants greater number of deaths. Money over lives,guyknoller1,Sat Apr 11 17:21:48 +0000 2020,0,0,6134,6187,en,None
id,text,screen_name,created_at,retweet_count,favorite_count,friends_count,followers_count,lang,country
1249024939681873920,"RT @juliakite: OK, I see today’s hysteria is, “New York City is throwing dead COVID-19 patients in mass graves you can see from space,” so…",peeja,Sat Apr 11 17:22:06 +0000 2020,0,0,1978,1147,en,None
id,text,screen_name,created_at,retweet_count,favorite_count,friends_count,followers_count,lang,country
1249026466886623234,RT @neeratanden: Stop what you are doing and read this story. Then share it with all your friends and family. Then remind them about it thr…,Billy_dk_89,Sat Apr 11 17:28:10 +0000 2020,0,0,858,341,en,None
1249026466924441604,"RT @EmmaVigeland: It’s interesting to me that liberals are just now realizing that Bill Maher is xenophobic.

His affinity for Sam Harris’…",ConatusBlazar,Sat Apr 11 17:28:10 +0000 2020,0,0,834,87,en,None
1249026467096223744,"RT @washingtonpost: The U.S. has surpassed Italy for the most confirmed covid-19 deaths in the world, a figure experts have called  'an und…",maestra_medina,Sat Apr 11 17:28:10 +0000 2020,0,0,265,129,en,None
1249026467050160129,"RT @RexChapman: Medics, bruh. 

These medics taped photos of themselves smiling on their PPE so frightened patients can see a reassuring an…",yxngcocoyashi,Sat Apr 11 17:28:10 +0000 2020,0,0,133,11,en,None
1249026467046068224,Una nueva investigación sugiere repensar drásticamente el tratamiento para combatir el coronavirus https://t.co/0Zb7TZsAiZ,infobaeamerica,Sat Apr 11 17:28:10 +0000 2020,0,0,2679,1188702,es,None
1249026466874044416,"RT @alexburnsNYT: This is an exhaustive, devastating portrait of failure at the highest levels of government, and a president who refused t…",Redgoldwolf,Sat Apr 11 17:28:10 +0000 2020,0,0,399,93,en,None
1249026466991374336,"As number of #Coronavirus continue to increase in USA and elsewhere , please do not loose the focus that the ""numbe… https://t.co/d2KfjSynGH",naren_challa,Sat Apr 11 17:28:10 +0000 2020,0,0,194,492,en,None
1249026466999865350,RT @ProcuraduriaRD: Ministerio Público atiende denuncias de violencia de género a través de la Línea Vida durante cuarentena por coronaviru…,hipala,Sat Apr 11 17:28:10 +0000 2020,0,0,764,892,es,None
1249026466857320449,"RT @culebra1978: No sufra @miqueliceta. 
Usted no tiene que volver a trabajar el lunes, ya que no ha trabajado fuera de la política en su v…",JuanjoRofes,Sat Apr 11 17:28:10 +0000 2020,0,0,202,268,es,None
1249026467075416068,"RT @aravosis: Trump’s Coronavirus deaths are already at 4,715 Benghazis.",Gabbytwincities,Sat Apr 11 17:28:10 +0000 2020,0,0,593,355,en,None
1249026467255799810,"RT @leonalexm: El señor que murió por Covid-19 en Caracas no viajó en 1 año, no se contagió en el exterior, se enfermó aquí en Vzla y NO sa…",YamilethFajard2,Sat Apr 11 17:28:10 +0000 2020,0,0,115,141,es,None
id,text,screen_name,created_at,retweet_count,favorite_count,friends_count,followers_count,lang,country
1249026928427720704,"100,000 deaths worldwide, as coronavirus pandemic continues to rage #COVID19
https://t.co/qHU3uAq5ya",ANCALERTS,Sat Apr 11 17:30:00 +0000 2020,0,0,775,4909490,en,None
1249026928473968640,"No, doctors are not refusing to treat older people with coronavirus – they are having difficult conversations https://t.co/WWa43EVt3e",IndyVoices,Sat Apr 11 17:30:00 +0000 2020,0,0,1957,72294,en,None
1249026928515919873,"RT @ChismosaLena: look 4G or 5G, this coronavirus can’t take out a real g. ya feel me? https://t.co/STZwna8g3N",MarkAntonyF,Sat Apr 11 17:30:00 +0000 2020,0,0,465,170,en,None
1249026928499027968,"Una mascarilla de usar y tirar, 14 euros: estafa y delirio con un producto de máxima necesidad en tiempos del… https://t.co/yS2wJgH4Zh",elindepcom,Sat Apr 11 17:30:00 +0000 2020,0,0,1185,81752,es,None
1249026928553660418,Aterrizan dos nuevos aviones procedentes de China cargados de material sanitario para la Comunitat Valenciana. https://t.co/5QVmnlfaZl,epmediterraneo,Sat Apr 11 17:30:00 +0000 2020,0,0,559,20997,es,None
1249026928528330752,"Apple y Google se alían para hacer seguimiento de datos por COVID-19 | #TecnologíaGV 

https://t.co/j8Or0wcldq",globovision,Sat Apr 11 17:30:00 +0000 2020,0,0,408,4987874,es,None
1249026928499032064,Cinco gráficos interactivos para entender la situación actual de la pandemia en el mundo https://t.co/utBdprlJOQ,AgenciaTelam,Sat Apr 11 17:30:00 +0000 2020,0,0,187,627144,es,None
1249026928549355521,"Trump leaves trail of unmet promises in coronavirus response
https://t.co/2dqBo5dorE",FOXBaltimore,Sat Apr 11 17:30:00 +0000 2020,0,0,1357,163524,en,None
1249026928541151232,"RT @MirrorCeleb: Madonna devastated as cousin and two friends die in one day amid coronavirus outbreak
https://t.co/CZnjN3CmvE",sebaleyton,Sat Apr 11 17:30:00 +0000 2020,0,0,1147,1667,en,None
1249026928511614977,#ExpressExplained | The Royal Observatory in Belgium has observed a 30-50 per cent fall in levels of ambient seismi… https://t.co/xQ2BEOniTs,ieexplained,Sat Apr 11 17:30:00 +0000 2020,0,0,22,11240,en,None
1249026928436101120,Residents across the Dudley borough have been showing their appreciation for bin crews by leaving messages and pict… https://t.co/Imu87kIhOr,ExpressandStar,Sat Apr 11 17:30:00 +0000 2020,0,0,3903,150999,en,None
1249026928549470208,#Saudi Arabia Reports 382 New #Coronavirus Cases https://t.co/zzpPc9Hy6Q,aawsat_eng,Sat Apr 11 17:30:00 +0000 2020,0,0,4,141149,en,None
1249026928486445056,"""La alteración de los ecosistemas por las industrias que se supone que nos alimentan está ciertamente en la raíz de… https://t.co/uRnEPzfLPw",Traficantes_Ed,Sat Apr 11 17:30:00 +0000 2020,0,0,1225,11808,es,None
1249026928603852800,"RT @_audreyanthony: Hey guys, so I’m tested positive for COVID-19 and would gladly appreciate if y’all could help circulated this info arou…",tkahkahkah,Sat Apr 11 17:30:00 +0000 2020,0,0,296,500,en,None
1249026928473862145,Covid-19 can be transmitted through contact with an object that an infected person has touched - and some people ar… https://t.co/XIK93YrL1d,thebridportnews,Sat Apr 11 17:30:00 +0000 2020,0,0,727,5910,en,None
id,text,screen_name,created_at,retweet_count,favorite_count,friends_count,followers_count,lang,country
1249028587778453504,"RT @MattOswaltVA: ""Sir, that's an ingenious way to avoid getting the Coronavirus.""

""Coronavirus?"" https://t.co/blKwhOa6Z0",Demonoid55,Sat Apr 11 17:36:35 +0000 2020,0,0,377,752,en,None
id,text,screen_name,created_at,retweet_count,favorite_count,friends_count,followers_count,lang,country
id,text,screen_name,created_at,retweet_count,favorite_count,friends_count,followers_count,lang,country
1249028883078426628,"RT @atrupar: Trump says he doesn't think a massive testing protocol will be necessary because ""people are not going to go to the hospital,…",bethbeauvais1,Sat Apr 11 17:37:46 +0000 2020,0,0,2627,1272,en,None
1249028883195674624,"RT @billmaher: China is a dictatorship that, for decades, enforced a one child per family policy under penalty of forced sterilization. But…",rvanweel,Sat Apr 11 17:37:46 +0000 2020,0,0,107,25,en,None
1249028883287953408,"RT @sexyjaay1: Due to #COVID19 aka #Coronavirus Ill be sending the first 500 people to like &amp; retweet this $300 -$1500 through CashApp, App…",Hilaree_Jordan,Sat Apr 11 17:37:46 +0000 2020,0,0,84,23,en,None
1249028883250380806,"RT @ForcesNews: Twin brothers, one a soldier and the other a surgeon, have both played a role in the battle to set up and run London’s temp…",feargalthecat,Sat Apr 11 17:37:46 +0000 2020,0,0,1122,1711,en,None
1249028883338473473,"Coronavirus fight is a marathon not a sprint, top British doctor says https://t.co/U0dovfZdYj",keliwu1963,Sat Apr 11 17:37:46 +0000 2020,0,0,81,27,en,Chile
id,text,screen_name,created_at,retweet_count,favorite_count,friends_count,followers_count,lang,country
1249029487012057088,"RT @OwenJones84: Millions of pounds have been cut from women's refuges over the last decade, and in 2017-18, an estimated 21,084 referrals…",RedBadger4,Sat Apr 11 17:40:10 +0000 2020,0,0,628,233,en,None
1249029487121125379,"RT @DineshDSouza: Of course it’s true to say the US #Coronavirus death toll surpassed that of Italy. True, but meaningless, since we are co…",MedFree31,Sat Apr 11 17:40:10 +0000 2020,0,0,196,44,en,None
1249029487087345664,"@LambaAlka @AMISHDEVGAN she is right, people like you in media are more dangerous than COVID-19. We can be quaranti… https://t.co/xAqezdYMlz",Aliasrar001,Sat Apr 11 17:40:10 +0000 2020,0,0,176,24,en,India
id,text,screen_name,created_at,retweet_count,favorite_count,friends_count,followers_count,lang,country
1249029497615265795,RT @sosgatosmurcia: Bishop y Hicks os desean #FelizFinde comiendo chuches en su caja de cartón favorita! Vamos a por otra semana para vence…,Gra89317831,Sat Apr 11 17:40:12 +0000 2020,0,0,226,192,es,None
id,text,screen_name,created_at,retweet_count,favorite_count,friends_count,followers_count,lang,country
1249029599520055296,RT @WendyFry_: Nurses &amp; doctors at Hospital General in Tijuana &amp; IMSS-20 say the local hospitals are already full &amp; overwhelmed with corona…,_cmjf,Sat Apr 11 17:40:37 +0000 2020,0,0,133,273,en,None
1249029599620730880,RT @neeratanden: Stop what you are doing and read this story. Then share it with all your friends and family. Then remind them about it thr…,mcamm123,Sat Apr 11 17:40:37 +0000 2020,0,0,818,193,en,None
1249029599553437696,RT @SkyNews: Police on the streets of the Indian state of Nagaland sang hymns as residents remained under lockdown because of the #coronavi…,iSarang_,Sat Apr 11 17:40:37 +0000 2020,0,0,721,1007,en,None
1249029599641522176,RT @WajahatAli: 4 reasons coronavirus is hitting black communities so hard https://t.co/NaJhwFqEfx,netbacker,Sat Apr 11 17:40:37 +0000 2020,0,0,4700,3772,en,None
1249029599641702400,"More than 500,000 in US infected with coronavirus https://t.co/imjY8VZ5Sx",Mp3Faaji,Sat Apr 11 17:40:37 +0000 2020,0,0,484,750,en,None
1249029599742263297,"RT @ObservadBinario: #BIN Italia ya ""pisa"" casi los 20.000 fallecidos por #coronavirus (19.468), mientras el mundo se aproxima a los 2 MILL…",abrilragde,Sat Apr 11 17:40:37 +0000 2020,0,0,1107,684,es,None
1249029599775854592,"RT @CondonesTino: Buenos días, nuestra recomendación del día para prevenir el coronavirus: https://t.co/6XQnkRd0NC",vichentedc,Sat Apr 11 17:40:37 +0000 2020,0,0,4338,757,es,None
1249029599792640000,RT @mlothianmclean: Wrote an op-ed for indy100 on how intrusive and unlawful policing isn't new - we're just hearing about it more because…,JonWooders,Sat Apr 11 17:40:37 +0000 2020,0,0,2494,518,en,None
id,text,screen_name,created_at,retweet_count,favorite_count,friends_count,followers_count,lang,country
1249030802136064000,RT @ibkonteh: Coronavirus: who will be winners and losers in new world order? https://t.co/WOVrWSd8D2,Emo_Kerry,Sat Apr 11 17:45:23 +0000 2020,0,0,339,914,en,None
1249030802198978560,"RT @DineshDSouza: Of course it’s true to say the US #Coronavirus death toll surpassed that of Italy. True, but meaningless, since we are co…",JimSaldivar4,Sat Apr 11 17:45:23 +0000 2020,0,0,24,56,en,None
1249030802362396673,RT @ScottAdamsSays: Does there exist an American who believes the #coronavirus models were bogus but the climate change models are reliable…,cfischer83,Sat Apr 11 17:45:23 +0000 2020,0,0,57,234,en,None
1249030802349772801,"RT @joepalojoe: Sen. Chuck Grassley: Pelosi, Schumer 'don't have a leg to stand on' in 'Phase 4' funding talks

https://t.co/EApzLQHCeF",LaneSadalup,Sat Apr 11 17:45:23 +0000 2020,0,0,6367,5879,en,None
1249030802475606016,RT @IngmarBatres: Coronavirus: RSF pide al gobierno de El Salvador que deje de obstaculizar el trabajo de los periodistas https://t.co/P0wN…,99Escamilla,Sat Apr 11 17:45:23 +0000 2020,0,0,3281,332,es,None
1249030802567917568,RT @Educhatter: COVID-19 Education: Founder of Grading for Equity Joe Feldman sees no need to grade students during the coronavirus closure…,ulrichedu,Sat Apr 11 17:45:23 +0000 2020,0,0,1631,878,en,None
1249030802660192257,RT @free_thinker: A morphed Aaj Tak graphic falsely claims that Pakistani PM Imran Khan's wife and driver tested positive for coronavirus w…,naanthannaan,Sat Apr 11 17:45:23 +0000 2020,0,0,5001,1280,en,None
1249030802555494402,@PatriciaJMadrid @leohaberkorn Esta noticia que acaba de publicar Jorge Gestoso es del 29 de marzo.,MarcosP50089451,Sat Apr 11 17:45:23 +0000 2020,0,0,125,13,es,None
1249030802601660416,"RT @DrHillaryKunins: Such great work @uche_blackstock and @DrOniBee (at @nycHealthy). TY for all your work against structural racism, inter…",DrOniBee,Sat Apr 11 17:45:23 +0000 2020,0,0,3923,9991,en,None
1249030802492571650,"FALSO: El financiamiento de los CDC nunca se recortó, se aumentó: https://t.co/OuWGmyevIS
Nunca ""desmanteló el Equi… https://t.co/cTWKJBosbB",March25Peru,Sat Apr 11 17:45:23 +0000 2020,0,0,3058,700,es,None
1249030802912002049,RT @sergioulloa1: Vamos Chile que se puede. Es el momento de demostrar al mundo el nivel de nuestros científicos y profesionales. En Chile…,atfr63,Sat Apr 11 17:45:23 +0000 2020,0,0,1741,1330,es,None
1249030802798718976,B.S.  Fake news!!,MAGA_Tim69,Sat Apr 11 17:45:23 +0000 2020,0,0,272,93,en,None
1249030803000082433,"RT @Panik81: La Xunta de Galicia no renueva los contratos de los sanitarios contagiados con coronavirus. Pero tranquilos, Feijóo seguirá ap…",HernandoIrene,Sat Apr 11 17:45:23 +0000 2020,0,0,569,1779,es,None
1249030802849046531,States and experts begin pursuing a coronavirus national strategy in absence of White House direction - The Washing… https://t.co/VWNO0fWv8A,realJohnCurley,Sat Apr 11 17:45:23 +0000 2020,0,0,5345,668,en,None
1249030802748424195,@johncardillo Sad! #coronavirus has turned America into horror shows—against the pastors. This is not the way to in… https://t.co/AC9Wr4DmUW,BeeNewsDaily,Sat Apr 11 17:45:23 +0000 2020,0,0,4996,4199,en,None
1249030803050250241,"RT @kylegriffin1: He could have seen what was coming: Behind Trump's failure on the virus.

An examination reveals Trump was warned about t…",Fletch4RedSox,Sat Apr 11 17:45:23 +0000 2020,0,0,407,110,en,None
1249030803104788481,"RT @maggieNYT: Among our pieces of reporting: The president was told at the time of the existence of the Navarro memo. Pottinger, Robert O'…",hotdogsladies,Sat Apr 11 17:45:23 +0000 2020,0,0,699,324851,en,None
1249030802878365696,I wonder who has gotten theirs.  I wonder if it is by zip code with Trumps favorites getting theirs first... anyone… https://t.co/YGJJnS879C,JenaiHuff,Sat Apr 11 17:45:23 +0000 2020,0,0,2710,1736,en,None
1249030803025039360,"RT @vinayak_jain: 2002 riots: Modi is trapped

2004 Ishrat Jahan is killed: Modi is trapped

2012 Keshubhai Patel forms party: Modi is trap…",royala11,Sat Apr 11 17:45:23 +0000 2020,0,0,888,515,en,None
1249030803088125953,"RT @TomFitton: I won't snitch on you, fellow Americans, if you go to church, take your child to the playground, show your unmasked face in…",SC88438052,Sat Apr 11 17:45:23 +0000 2020,0,0,262,84,en,None
1249030803146883073,@pwezzzy Considering Coronavirus... yes! They’ve got some good instructors on there. I use this girl named Sarah Beth.,QuiaTarantino,Sat Apr 11 17:45:23 +0000 2020,0,0,1126,749,en,None
id,text,screen_name,created_at,retweet_count,favorite_count,friends_count,followers_count,lang,country
1249030845265924096,"RT @rssurjewala: National Shame!

Purchased MLAs can travel in a chartered plane but parents of a brave soldier are made to travel 2,181 KM…",jollyjohri,Sat Apr 11 17:45:34 +0000 2020,0,0,503,450,en,None
1249030845316370434,"RT @dloisga: ""Deberíamos aprovechar esta situación para reflexionar seriamente sobre los modos de transporte que debemos priorizar cuando l…",yopalpipe,Sat Apr 11 17:45:34 +0000 2020,0,0,4312,6025,es,None
1249030845316227073,"RT @RexChapman: Medics, bruh. 

These medics taped photos of themselves smiling on their PPE so frightened patients can see a reassuring an…",Bacaroni,Sat Apr 11 17:45:34 +0000 2020,0,0,111,63,en,None
id,text,screen_name,created_at,retweet_count,favorite_count,friends_count,followers_count,lang,country
id,text,screen_name,created_at,retweet_count,favorite_count,friends_count,followers_count,lang,country
1249030954187812864,"RT @brean235: Due to #COVID19 aka #Coronavirus Ill be sending the first 500 people to like &amp; retweet this $1500 through CashApp, Apple Pay…",bootycaaaaaake,Sat Apr 11 17:46:00 +0000 2020,0,0,291,57,en,None
1249030954229698560,RT @NeolithicSheep: Contact all 3 of your congresscritters now and explain to them that this is genocide and you are not ok with that and n…,DemonBob_Badman,Sat Apr 11 17:46:00 +0000 2020,0,0,437,978,en,None
1249030954355691520,"RT @Politica_LR: Martín Vizcarra es el segundo mejor líder en combatir la COVID-19 en Sudamérica
https://t.co/xpCc5AztpO",larepublica_pe,Sat Apr 11 17:46:00 +0000 2020,0,0,910,2152743,es,None
1249030954359783430,RT @AsYouNotWish: UNITED KINGDOM: A 24 year old woman has been awarded a six months’ prison for spitting on the face of a health-worker whi…,SANSRI2K,Sat Apr 11 17:46:00 +0000 2020,0,0,110,152,en,None
1249030954527723522,"RT @KlasfeldReports: Read this email chain featuring Trump’s ex-Homeland Security advisor. 

Then read the sweeping NYT investigation that…",LilFootandBobo,Sat Apr 11 17:46:00 +0000 2020,0,0,1036,95,en,None
1249030954649178113,"RT @jilevin: Systemic racism, lack of insurance fuel coronavirus racial divide https://t.co/X46yiWSbJZ",kall_matt,Sat Apr 11 17:46:00 +0000 2020,0,0,1378,1120,en,None
1249030954607431684,"RT @RichardLapchick: P.K. Subban and Lindsey Vonn make a splish-splash with 'Tub Time' during coronavirus pandemic
https://t.co/HrXMmZgkiJ…",SportsSocietyVU,Sat Apr 11 17:46:00 +0000 2020,0,0,1092,729,en,None
1249030954817073153,RT @ironyguillotine: why are people praising the governor of a state that has more cases of coronavirus than any country in the world,Coopashe,Sat Apr 11 17:46:00 +0000 2020,0,0,113,7,en,None
1249030954724646913,"RT @maggieNYT: Among our pieces of reporting: The president was told at the time of the existence of the Navarro memo. Pottinger, Robert O'…",ButtlerSue,Sat Apr 11 17:46:00 +0000 2020,0,0,264,745,en,None
1249030954816917504,"RT @eugenegu: Few people clap for the hospital janitors, cashiers, and cafeteria workers who risk themselves just as much for none of the g…",michael91128,Sat Apr 11 17:46:00 +0000 2020,0,0,2310,203,en,None
1249030954947088385,"RT @itvlondon: Congratulations Dennis! Patient, 94, applauded by staff at Barnet Hospital @RoyalFreeNHS after recovering from coronavirus h…",JulieBalfour9,Sat Apr 11 17:46:00 +0000 2020,0,0,685,80,en,None
1249030954951348224,SEOUL (Reuters) - South Korean officials on Friday reported 91 patients thought cleared of the new coronavirus had… https://t.co/3gGjEU1lTT,smith5273,Sat Apr 11 17:46:00 +0000 2020,0,0,7,7,en,None
1249030955043565568,"A further 823 people have died in hospitals in England
https://t.co/oadP1IjhVL",Cambslive,Sat Apr 11 17:46:00 +0000 2020,0,0,1622,85626,en,None
1249030955093745664,"El virus provocó la muerte de 3 hermanos
https://t.co/aQic6cBpCh",chapintv_,Sat Apr 11 17:46:00 +0000 2020,0,0,18,10432,es,None
1249030955140087809,"Alli is pulling out all the stops to keep himself entertained on his 24th birthday

https://t.co/qdkwKBNy7L",talkSPORT,Sat Apr 11 17:46:00 +0000 2020,0,0,2195,1326986,en,None
1249030954993278977,"2 This scientists: Joseph Thomas Ortega, María Luisa Serrano, Flor Helene Pujol y Hector Rafael Rangel (Case Wester… https://t.co/51CEblx3sM",lanzallanera,Sat Apr 11 17:46:00 +0000 2020,0,0,2313,1554,en,None
1249030955219603457,Good news for those who get tired of that perpetual backup on I-4 near Orlando https://t.co/KdT0UhQoXl,carlmarksWUSF,Sat Apr 11 17:46:00 +0000 2020,0,0,1035,1361,en,None
1249030955043442689,"Covid-19 from the West Wing: 'History's verdict will be unforgiving' 

""Trump, a property developer and reality TV… https://t.co/2hDW8GQSig",intlibecosoc,Sat Apr 11 17:46:00 +0000 2020,0,0,3653,2003,en,None
1249030955093962753,"RT @tedlieu: A reminder that last week, Representative @DevinNunes stated on @FoxNews that people should go back to work this week.",keljo2,Sat Apr 11 17:46:00 +0000 2020,0,0,423,47,en,None
1249030955265908736,"RT @VasquezBazan: Un pobre diablo que tenia que llamarse Alan, acusa a los que hablan quechua y aymara de incumplir el aislamiento. Parece…",jairalexisgomez,Sat Apr 11 17:46:00 +0000 2020,0,0,1341,507,es,None
1249030955307683840,RT @4YrsToday: Should the Coronavirus really be called the Chinese Virus?,MondoMundo2,Sat Apr 11 17:46:00 +0000 2020,0,0,298,373,en,None
id,text,screen_name,created_at,retweet_count,favorite_count,friends_count,followers_count,lang,country
1249030977004998656,RT @Roohan2Ahmed: The Sindh government has withdrawn its decision to seal UCs in Karachi. The areas that have high number of coronavirus ca…,SajidHu24387162,Sat Apr 11 17:46:05 +0000 2020,0,0,460,234,en,None
1249030977118076928,"RT @ABCWorldNews: In the span of just 10 days, Kevin Franklin lost his 86-year-old mother and three brothers to the coronavirus. 

""No one…",DenglerMel,Sat Apr 11 17:46:05 +0000 2020,0,0,3608,1368,en,None
id,text,screen_name,created_at,retweet_count,favorite_count,friends_count,followers_count,lang,country
1249030998529982464,"RT @SkyNews: A video from @NATS shows a significant decrease in air traffic in April 2020 compared to the same month in 2019.

Many aviatio…",sysgineer1986,Sat Apr 11 17:46:10 +0000 2020,0,0,889,564,en,None
1249030998555230208,RT @TomFitton: Urgent: India approved #Hydroxycloroquine as prophylactic for at risk groups. @RealDonaldTrump should push to deploy drug on…,HerbsBanana,Sat Apr 11 17:46:10 +0000 2020,0,0,11061,10064,en,None
1249030998676910086,"RT @ReporteYa: #11Abr #Coronavirus #Caracas Así se encuentra este sábado el mercado de Quinta Crespo, en Caracas. Permiten que todos los co…",rincondeldiseno,Sat Apr 11 17:46:10 +0000 2020,0,0,1141,2315,es,None
1249030998630846464,"RT @graemearcher: Block block block them all. Leave them in their empty room, telling one another how insightful the latest hot take is &amp; h…",billoislove,Sat Apr 11 17:46:10 +0000 2020,0,0,2993,2033,en,None
1249030998777569280,Coronavirus has to end I need to see all my boyfriends. “No cap”,jenstephani,Sat Apr 11 17:46:10 +0000 2020,0,0,56,36,en,None
1249030998693572609,"RT @EricLiptonNYT: JUST POSTED:As the death toll continues to rise in the US, The NYT takes a deep look at the weeks of inaction by Preside…",mhrob,Sat Apr 11 17:46:10 +0000 2020,0,0,1206,538,en,None
1249030998714654723,RT @GLORIOUS_USA: HEY MEATHEADS! You can't compare Italy's 60 million population with our 330 million.  Plus no one in the world has a clue…,GLORIOUS_USA,Sat Apr 11 17:46:10 +0000 2020,0,0,369,64,en,None
1249030998572089344,"RT @Paulos_the_fog: Well gosh - I mean the WHO are all bloody foreigners, aren't they. We're British and so we ignore bloody foreigners eve…",JanNorcliffe,Sat Apr 11 17:46:10 +0000 2020,0,0,98,50,en,None
1249030998836248577,"@JMalaparte Esas preguntas ya están contestadas. 1) el virus le puede dar a cualquiera. De hecho, los niños, por su… https://t.co/U7natqksqw",gaitan_presente,Sat Apr 11 17:46:10 +0000 2020,0,0,397,12515,es,None
id,text,screen_name,created_at,retweet_count,favorite_count,friends_count,followers_count,lang,country
1249031314851823617,RT @AsYouNotWish: UNITED KINGDOM: A 24 year old woman has been awarded a six months’ prison for spitting on the face of a health-worker whi…,IntroExtroV,Sat Apr 11 17:47:25 +0000 2020,0,0,103,47,en,None
1249031314977763330,RT @david_tepa: Cuídate del coronavirus así como te cuidabas de que tus amigas no se enteraran que habías regresado con el tóxico.,lizlove11,Sat Apr 11 17:47:26 +0000 2020,0,0,1873,1193,es,None
1249031314851807233,RT @AsYouNotWish: UNITED KINGDOM: A 24 year old woman has been awarded a six months’ prison for spitting on the face of a health-worker whi…,DebIndr98151358,Sat Apr 11 17:47:25 +0000 2020,0,0,279,8,en,None
1249031314931580928,"Gente de primer mundo, les dicen.",_Pelooon,Sat Apr 11 17:47:26 +0000 2020,0,0,484,447,es,None
1249031314763808781,"@NickC0901 @BeauTFC https://t.co/TgWMK4EXrk

As of March 19th this is the breakdown of all who need ICU treatment d… https://t.co/XnJCRPsNri",Braigwen,Sat Apr 11 17:47:25 +0000 2020,0,0,235,127,en,None
id,text,screen_name,created_at,retweet_count,favorite_count,friends_count,followers_count,lang,country
1249031364323745794,"RT @Jamierodr14: Inspirational! 

Chris Wauhen from Florida ran 7 miles with a HUGE American Flag for the people fighting the Coronavirus.…",AngelaMcclung4,Sat Apr 11 17:47:37 +0000 2020,0,0,650,803,en,None
1249031364428660738,Here’s how Fox News is badly misinterpreting the coronavirus science https://t.co/UsZgMu6ZfV,jodyschedu,Sat Apr 11 17:47:37 +0000 2020,0,0,764,178,en,None
1249031364533510144,"RT @GOVUK: Coronavirus. Wash your hands regularly for 20 seconds and don’t touch your face, eyes, nose, and mouth, to prevent infection",JenniferAttwell,Sat Apr 11 17:47:37 +0000 2020,0,0,110,101,en,None
1249031364512321537,Deadass,12sonn3y,Sat Apr 11 17:47:37 +0000 2020,0,0,355,69,en,None
1249031364579676166,"RT @sparksjls: “Trump was warned about the potential for a pandemic but internal divisions, lack of planning and his faith in his own insti…",NewOldXtine,Sat Apr 11 17:47:37 +0000 2020,0,0,93,25,en,None
1249031364730662913,RT @leonbakhan: It took me 48 minutes to download a file of 7.2 MB regarding the latest medical info about Coronavirus due to Internet rest…,BTAnalysis,Sat Apr 11 17:47:37 +0000 2020,0,0,1377,735,en,None
1249031364764037120,"RT @AP: BREAKING: The U.S. has overtaken Italy for the highest death toll in the world from the coronavirus, Johns Hopkins University says.…",deji_duo,Sat Apr 11 17:47:37 +0000 2020,0,0,201,134,en,None
id,text,screen_name,created_at,retweet_count,favorite_count,friends_count,followers_count,lang,country
1249033962074394630,"RT @LandmarkHistory: We're offering @LandmarkTrust buildings free to 
@NHSuk NHS Trusts in need of accommodation for their critical workers…",chaplain_Sue,Sat Apr 11 17:57:57 +0000 2020,0,0,698,347,en,None
1249033962011443200,RT @AntonioMaestre: Es gracioso porque el primer caso notificado de Coronavirus en España fue de un alemán que vino de vacaciones a España,Fcomarin15,Sat Apr 11 17:57:57 +0000 2020,0,0,798,229,es,None
1249033962141302784,"RT @RawStory: Trump has bluffed his way through his entire career — and now the coronavirus is taking him out   

https://t.co/cvcjVDIoY1",poodlepower,Sat Apr 11 17:57:57 +0000 2020,0,0,1235,274,en,None
1249033962070118402,RT @LeonardRoxon: 37% of qualified practicing physicians (that's 1000s of physicians worldwide) rate hydroxychloroquine the “most effective…,brentwhite555,Sat Apr 11 17:57:57 +0000 2020,0,0,413,604,en,None
1249033962124480512,RT @JohnCornyn: Is it relevant that the US has 5X the population of Italy?,TammyRWright2,Sat Apr 11 17:57:57 +0000 2020,0,0,326,255,en,None
id,text,screen_name,created_at,retweet_count,favorite_count,friends_count,followers_count,lang,country
1249033984224514050,"RT @LupeBatallan2: Arg = 44,25 millones de habitantes.
Brasil = 209 millones de habitantes (4,73 veces más grande).

Brasil = 324 muertes p…",CachoDinamita,Sat Apr 11 17:58:02 +0000 2020,0,0,51,22,es,None
1249033973717663746,"RT @ToryFibs: 2 more NHS staff members have died, both Filipino men. It brings the total to 36 NHS workers who lost their lives to Coronavi…",LJAshurst,Sat Apr 11 17:57:59 +0000 2020,0,0,2149,1008,en,None
1249033984144601088,"RT @FluTrackers: South Africa - 2,028 cases with confirmed deaths now at 25 https://t.co/C0xInjWhHn h/t Richard79 #coronavirus",old9uy1,Sat Apr 11 17:58:02 +0000 2020,0,0,145,55,en,None
1249033984308322310,"RT @spectatorindex: UNITED KINGDOM: 99 year old man, who was wounded during World War II and survived three years as a prisoner in a war ca…",BeazoHFC,Sat Apr 11 17:58:02 +0000 2020,0,0,506,203,en,None
id,text,screen_name,created_at,retweet_count,favorite_count,friends_count,followers_count,lang,country
1249034002393993217,"RT @dhiraj_d_bhatia: This storm will pass. But the choices we make now could change our lives for years to come
 Yuval Noah Harari: the wor…",MahakSharma23,Sat Apr 11 17:58:06 +0000 2020,0,0,272,850,en,None
1249034002347905024,RT @GOAL_Global: We would love everybody to #ShineYourLight at 9 pm tonight to honour all of those on the frontline fighting #COVID19  #cor…,SiobhanWalshNGO,Sat Apr 11 17:58:06 +0000 2020,0,0,514,356,en,None
1249034002561818625,"RT @milinddeora: Sometimes you need classical liberals like @billmaher to seek &amp; destroy ‘woke’ BS.

#CoronaVirus did emanate from China &amp;…",VjatSangawa,Sat Apr 11 17:58:06 +0000 2020,0,0,113,32,en,None
id,text,screen_name,created_at,retweet_count,favorite_count,friends_count,followers_count,lang,country
1249034161945444357,"RT @angelpatriot1: So the left thinks it is against constitutional rights to require voter Id, yet it’s ok to require an Id for immunity? #…",hbcampbell,Sat Apr 11 17:58:44 +0000 2020,0,0,10465,10052,en,None
1249034162016858112,RT @cdwats5: They all knew six weeks before acting. Six weeks wasted. Six weeks to make sure it wasn’t like this. Six weeks to put country…,thenickfanclub,Sat Apr 11 17:58:44 +0000 2020,0,0,508,104,en,None
1249034162063003648,RT @CasuallyE: I don't usually post political content but I don't have a lot to do right now so use your clicking discretion. Here is a vid…,ZakForster_,Sat Apr 11 17:58:44 +0000 2020,0,0,281,708,en,None
1249034161983291394,RT @PaulaChertok: x-CDC Frieden: “Mind-boggling” degree of disorganization. Federal govt squandered Feb &amp; March committing “epic failures”…,CitizenKayS,Sat Apr 11 17:58:44 +0000 2020,0,0,47996,48608,en,None
1249034162104926208,"RT @ChismosaLena: look 4G or 5G, this coronavirus can’t take out a real g. ya feel me? https://t.co/STZwna8g3N",crowley_talay,Sat Apr 11 17:58:44 +0000 2020,0,0,1307,956,en,None
1249034162062774272,RT @OHdeptofhealth: Social distancing works. We are all #InThisTogetherOhio. https://t.co/jU4ZAkm3Py https://t.co/uKJtfi4cuP,sumitudiya,Sat Apr 11 17:58:44 +0000 2020,0,0,118,10,en,None
1249034162083729408,"Tokyo Uber Eats union demands hazard pay, equipment to protect against virus #coronavirus #covid-19 #demands #eats… https://t.co/pSb9YoFaV7",CoronaVirusNFO,Sat Apr 11 17:58:44 +0000 2020,0,0,0,129,en,None
1249034162276687872,"RT @CNN: Smoking marijuana, even occasionally, can increase your risk for more severe complications from Covid-19, the disease caused by th…",sunraec,Sat Apr 11 17:58:44 +0000 2020,0,0,298,268,en,None
1249034162113306627,"He once cheered on a recession to get rid of Trump, but at least his #TDS hasn’t blinded him to the evils of China.",SoCalMAGAgirl,Sat Apr 11 17:58:44 +0000 2020,0,0,3467,3197,en,None
1249034162218110978,Telehealth plays big role in coronavirus cure | Commentary https://t.co/fXmCtloqiB,DAW_60,Sat Apr 11 17:58:44 +0000 2020,0,0,798,208,en,None
1249034162436218880,RT @Primicias: El 4 de marzo se jugó el partido Barcelona – Independiente del Valle; ya había al menos 20 personas enfermas con #coronaviru…,miha2502,Sat Apr 11 17:58:44 +0000 2020,0,0,524,90,es,None
1249034162385780736,RT @TarekFatah: Islamic Scholar claims Westerners are plagued with diseases like the #Coronavirus because they don't wash the sh*t  off the…,neetabharatiya,Sat Apr 11 17:58:44 +0000 2020,0,0,89,456,en,None
1249034162364874753,RT @tedcruz: Fantastic thread. #CCPCoverUp https://t.co/EBvFDTXgjm,mjdallasblue,Sat Apr 11 17:58:44 +0000 2020,0,0,4977,4332,en,None
1249034162675343366,"RT @CMonteroOficial: Estados Unidos alcanzará su mayor número diario de muertes #coronavirus mañana, según el Instituto de Evaluación y Mét…",glezgarcia2,Sat Apr 11 17:58:44 +0000 2020,0,0,1063,565,es,None
1249034162633347072,"@kbx315x @FrankieLV75 @NYGovCuomo @kbx315x you forgot to mention how Trump, in addition, downplayed the Coronavirus risk for a long time.",hvandam7,Sat Apr 11 17:58:44 +0000 2020,0,0,76,0,en,None
1249034162784387072,"RT @sablon60: El Dr. Jordi Pollarin Moreno, el día de hoy falleció después de 6 días sin descanso en el Hospital de la Raza en México, aten…",anabrit78121249,Sat Apr 11 17:58:44 +0000 2020,0,0,207,3,es,None
1249034162801201152,RT @oshthisside: This is where I start to move mad. And no disrespect to this legend Ross Kemp. But can some explain to me why I was unable…,JayTrini1983,Sat Apr 11 17:58:45 +0000 2020,0,0,437,159,en,None
id,text,screen_name,created_at,retweet_count,favorite_count,friends_count,followers_count,lang,country
1249035868087730178,RT @santiagoangelp: Héroe. A todos gracias por su sacrificio. Primer médico colombiano que muere por covid 19. A su familia siempre gracias.,Manoloparis_,Sat Apr 11 18:05:31 +0000 2020,0,0,307,5151,es,None
1249035868221956099,RT @ELChat035: @Goicoechea12G @EHiguerey @Ceci_Patria3 @AuraAlcantara3 @mjtrezza1 @amelia74698445 @Biristay1980 @vice2025 @nilsonvivas1 @L1…,chapi_rafael,Sat Apr 11 18:05:31 +0000 2020,0,0,50,93,es,None
1249035868326805505,"RT @Jas_Athwal: BAME lives matter, so far they account for:

- 100% of Dr deaths
- 50% nurse deaths
- 35% of Patients in ICU

Yet account f…",skugarajah,Sat Apr 11 18:05:31 +0000 2020,0,0,38,12,en,None
1249035868393832448,"RT @NevadaElJefe: GOP Lawmakers Demand Answers From WHO Leader Over 'Role in China's Coronavirus Propaganda Campaign'

WTF! Yes, he should…",TasmarazTas,Sat Apr 11 18:05:31 +0000 2020,0,0,8109,7392,en,None
1249035868381360130,"RT @Richie_l0c0: This shit feels like a movie, not a good one but a movie none the less.",gottastayLO,Sat Apr 11 18:05:31 +0000 2020,0,0,513,890,en,None
1249035868427476993,"RT @NYP_Brooksie: Panarin: ""I was kidding."" https://t.co/4pX8boVDxZ via @nypostsports",BLBlueShirts26,Sat Apr 11 18:05:31 +0000 2020,0,0,515,706,en,None
1249035868599275520,"RT @mcspocky: GOP leaders refuse Democrats’ coronavirus demands, won’t negotiate over small business lending program

""The top GOP leaders…",AngeloGNatural,Sat Apr 11 18:05:31 +0000 2020,0,0,1639,169,en,None
1249035868574306304,RT @queguasa: @Adrilastra @PSOE No más bulos. Retuiteame si puedes y demos difusión. #bulos #coronavirus https://t.co/ENOmgBFPau,vietnamita83,Sat Apr 11 18:05:31 +0000 2020,0,0,145,53,es,None
1249035868637192192,"RT @nachomdeo: Todo hace suponer que el anuncio de una vacuna cubana contra el coronavirus no era cierta. 
Esperemos un mes más para darlo…",mdelccalvo,Sat Apr 11 18:05:31 +0000 2020,0,0,188,408,es,None
id,text,screen_name,created_at,retweet_count,favorite_count,friends_count,followers_count,lang,country
1249037276157546497,"RT @BrendanCarrFCC: 6. Ok, how about the hero doctor Li Wenliang then?

He was dragged to a police station in the middle of the night and f…",MacSuzBax,Sat Apr 11 18:11:07 +0000 2020,0,0,206,22,en,None
id,text,screen_name,created_at,retweet_count,favorite_count,friends_count,followers_count,lang,country
1249037293475835904,"STOP CALLING TRUMP A DICTATOR, THEN GET MAD WHEN HE ISN'T BEING A DICTATOR AT ALL

AT LEAST BE CONSISTENT, JESUS CH… https://t.co/DRLzz64oIu",ya_boah_houston,Sat Apr 11 18:11:11 +0000 2020,0,0,387,138,en,None
1249037293748457472,"RT @jucilsuboficial: Fallece Pedro Herguedas, exgeneral jefe de la #BRILAT, por coronavirus
Falleció en #Madrid a los 77 años. Bajo su mand…",Moncholab,Sat Apr 11 18:11:11 +0000 2020,0,0,4929,4364,es,None
1249037293723226112,EE.UU sancionará países que no acepten deportados por emergencia COVID-19 https://t.co/oBBT2rFU48 &lt;Roba implementos… https://t.co/v3v8DDY3gR,balam_acab,Sat Apr 11 18:11:11 +0000 2020,0,0,1750,3259,es,None
1249037293853294598,#What Recovery From COVID-19 Looks Like now trending on Monkey Viral - https://t.co/oPR4syNEhy,monkey_viral,Sat Apr 11 18:11:11 +0000 2020,0,0,676,3573,en,None
1249037293974929410,Quarantine/lockdown = covid-19 indeed being real. Just saying lmao .. the contradiction,totalarryyy,Sat Apr 11 18:11:11 +0000 2020,0,0,122,173,en,None
1249037293798805504,Take this thing seriously!,mod01396441,Sat Apr 11 18:11:11 +0000 2020,0,0,245,6,en,None
1249037293936971776,This should be the end of his presidency. Any presidency.,legaltechFTW,Sat Apr 11 18:11:11 +0000 2020,0,0,713,1683,en,None
1249037294004297730,"RT @WolffWaldo: Seguramente estarías organizando desmandes como en Dic/2017.
Nosotros vamos a seguir responsables. 
No te hagas el boludx c…",eslareina_y,Sat Apr 11 18:11:11 +0000 2020,0,0,336,87,es,None
1249037294033448961,RT @ArgaizR: COVID-19 directly infects renal tubules and podocytes.  Some food for though about the debate on fluid management to prevent “…,RenalZac,Sat Apr 11 18:11:11 +0000 2020,0,0,290,306,en,None
1249037294184644608,RT @chito_tapia: Quieren seguir comiendo como antes...no saben que ya no comerán si siguen así.,albertotipiani1,Sat Apr 11 18:11:11 +0000 2020,0,0,810,281,es,None
1249037294226595847,RT @CasaRosada: EN VIVO | Reporte diario desde el Ministerio de Salud - Nuevo coronavirus COVID-19 https://t.co/MgP6lnu9LP,NEcomuna3,Sat Apr 11 18:11:11 +0000 2020,0,0,1263,1282,es,None
id,text,screen_name,created_at,retweet_count,favorite_count,friends_count,followers_count,lang,country
1249037765322260480,"RT @SaketGokhale: We've all been seeing Health Ministry spokesperson Lav Agarwal's Covid-19 ""updates"", changing numbers on a whim, &amp; praisi…",ImaazadS,Sat Apr 11 18:13:03 +0000 2020,0,0,299,324,en,None
1249037765339119617,What are LA county residents doing? Licking each other?,emzanotti,Sat Apr 11 18:13:03 +0000 2020,0,0,8688,60984,en,None
1249037765339164673,"RT @AnthemRespect: To All Anti-Hydroxychloroquine Media &amp; Politicians:

Please sign &amp; return immediately to your doctor, the below Advance…",JVER1,Sat Apr 11 18:13:03 +0000 2020,0,0,66921,85802,en,None
1249037765464821760,"RT @mmpadellan: Hillary Clinton was hounded for years about 4 deaths in Benghazi, and for lost emails.

Current crisis:
- 18,860 coronaviru…",shaunbowm,Sat Apr 11 18:13:03 +0000 2020,0,0,2218,1689,en,None
1249037765511204867,"RT @RepMattGaetz: President @realDonaldTrump had a historic turnout on election day, so there may be some voices trying to fearmonger and s…",MomCourager,Sat Apr 11 18:13:03 +0000 2020,0,0,695,1508,en,None
1249037765519556608,RT @Milenio: Las Cámaras de Comercio de Tamaulipas acuerdan no pagar impuestos y servicios por covid-19 https://t.co/9TzJsdE3xK https://t.c…,lalo_ismael,Sat Apr 11 18:13:03 +0000 2020,0,0,1304,201,es,None
id,text,screen_name,created_at,retweet_count,favorite_count,friends_count,followers_count,lang,country
1249037802949554183,RT @guardianopinion: Where are women's voices in the coronavirus crisis? | Catherine Bennett https://t.co/6Mi3fqY36m,canisgallicus,Sat Apr 11 18:13:12 +0000 2020,0,0,3789,2533,en,None
1249037803096334341,RT @CityOfBoston: Getting to the other side of the #coronavirus will take action from every one of us. 1) Keep your distance. 2) Wear a cov…,CharlestownONS,Sat Apr 11 18:13:12 +0000 2020,0,0,942,1165,en,None
1249037803087974400,"RT @AOMahonyCork: Dublin airport arrivals today... 
10 flights from the UK 
3 from Netherlands (Schiphol, busiest airport in Europe)
Flight…",LynneCampbell5,Sat Apr 11 18:13:12 +0000 2020,0,0,3245,3352,en,None
1249037803238932480,"RT @kayy_ame: COVID-19 has killed 1,634,373 people in whole WORLD and you are alive,,,just use 2sec to thank GOD",Shakeriiaa,Sat Apr 11 18:13:12 +0000 2020,0,0,772,677,en,None
id,text,screen_name,created_at,retweet_count,favorite_count,friends_count,followers_count,lang,country
1249043820307787777,"RT @ToryFibs: 2 more NHS staff members have died, both Filipino men. It brings the total to 36 NHS workers who lost their lives to Coronavi…",LouiseRawAuthor,Sat Apr 11 18:37:07 +0000 2020,0,0,8467,25942,en,None
id,text,screen_name,created_at,retweet_count,favorite_count,friends_count,followers_count,lang,country
1249043864549285889,RT @jilevin: Trump is woefully confused about why more coronavirus testing is vital https://t.co/R8hfENaKll,SuzeeSusie,Sat Apr 11 18:37:18 +0000 2020,0,0,5412,5870,en,None
1249043864549089284,"RT @kylegriffin1: HHS Secretary Azar directly warned Trump of the possibility of a pandemic during a call on Jan. 30, the second warning he…",MccloneScott,Sat Apr 11 18:37:18 +0000 2020,0,0,168,3,en,None
1249043864591175681,"RT @kylegriffin1: He could have seen what was coming: Behind Trump's failure on the virus.

An examination reveals Trump was warned about t…",roland__do,Sat Apr 11 18:37:18 +0000 2020,0,0,3685,1065,en,None
1249043864632999936,"RT @sexyjaay1: Due to #COVID19 aka #Coronavirus Ill be sending the first 500 people to like &amp; retweet this $300 -$1500 through CashApp, App…",bryannahhh,Sat Apr 11 18:37:18 +0000 2020,0,0,374,231,en,None
1249043864276676609,Chicago Police Superintendent Charlie Beck said at a news conference Saturday that 237 members of the Chicago Polic… https://t.co/St9CpSJQDQ,CGTNOfficial,Sat Apr 11 18:37:18 +0000 2020,0,0,56,14028896,en,None
1249043864763146240,"RT @AntonovCompany: #AN225 Mriya begins a series of flights to fight the coronavirus
AN-225 is involved in the transportation of humanitari…",LalitaAmazing,Sat Apr 11 18:37:18 +0000 2020,0,0,458,2043,en,None
1249043864817729539,"@realDonaldTrump Read til the end

https://t.co/d7E13bcgeh",NveeLA,Sat Apr 11 18:37:18 +0000 2020,0,0,315,101,en,None
1249043864767344641,RT @romana_cuesta: De confirmarse esta tendencia la situación será más crítica y letal de lo que hasta hoy. Echen un ojito... Sin compromis…,romana_cuesta,Sat Apr 11 18:37:18 +0000 2020,0,0,682,93,es,None
1249043864868052992,RT @MaadyNYC: They deadass slowly finessed Asians from being the face of Coronavirus to Black people lmaooooo,LMAO_forever,Sat Apr 11 18:37:18 +0000 2020,0,0,390,220,en,None
1249043864863887361,"RT @Dali_Yang: China clamping down on coronavirus research, deleted pages suggest https://t.co/qj1uBvVZeh",BeijingPalmer,Sat Apr 11 18:37:18 +0000 2020,0,0,1135,34622,en,None
1249043864922488832,Fidel's Legacy: What's Behind the Proficiency of Cuba's Medical Teams Fighting COVID-19 Abroad? https://t.co/vxtLfzvK3F via @SputnikInt,360CNN,Sat Apr 11 18:37:18 +0000 2020,0,0,4927,4302,en,None
1249043865090183168,"RT @rssurjewala: National Shame!

Purchased MLAs can travel in a chartered plane but parents of a brave soldier are made to travel 2,181 KM…",abidkoornadka,Sat Apr 11 18:37:18 +0000 2020,0,0,563,107,en,None
1249043865224581121,RT @NYCatholicRadio: PLEASE Donate: NY Archdiocese church donations plunge amid #coronavirus @NY_Arch @JosephZwilling @ArchNY_Schools @Mich…,ArchNY_Schools,Sat Apr 11 18:37:18 +0000 2020,0,0,275,1534,en,None
1249043865329446912,"RT @HeshmatAlavi: 8)
Sen. Feinstein, did you know Iran refused the United States’ offer of humanitarian assistance and medical supplies to…",ShannonKetcher2,Sat Apr 11 18:37:18 +0000 2020,0,0,4880,9130,en,None
1249043865354584072,"RT @maxwell18191708: Let me give you a hint. Spraying, targeted with those lovely chemtrails above, how beautiful is our sky.",RedHoss44,Sat Apr 11 18:37:18 +0000 2020,0,0,10143,10187,en,None
1249043865551634432,RT @RotimiAkeredolu: I am delighted to flag-off the #FeedOndo Project as part of our efforts to cushion the effect of the Coronavirus pande…,Odunayosekita,Sat Apr 11 18:37:18 +0000 2020,0,0,1184,1087,en,None
1249043865555927041,"RT @Hopetraining: Coronavirus: Domestic abuse services to get £2m amid lockdown - BBC News 

People are also being encouraged to take part…",judith_vickress,Sat Apr 11 18:37:18 +0000 2020,0,0,1340,2064,en,None
1249043865564110848,RT @free_thinker: An incident in Delhi's Budh Vihar where a man accidentally dropped notes after a trip to an ATM has been falsely shared a…,Ruchi_Indi,Sat Apr 11 18:37:18 +0000 2020,0,0,190,182,en,None
1249043865623040005,RT @FstseGto: Ideas para reflexionar: 7 consejos para mantener una dieta saludable frente al coronavirus https://t.co/9kyqGA57eQ,Antonia50432931,Sat Apr 11 18:37:18 +0000 2020,0,0,10,13,es,None
1249043865702748161,"RT @VTVcanal8: Pdte. Maduro: Reitero el llamado a mantener esfuerzos para enfrentar y superar el Covid-19

#HermandadEnVanguardia

https://…",Yuselymontesin1,Sat Apr 11 18:37:18 +0000 2020,0,0,252,112,es,None
1249043865576882176,Con una pensión de 2 dólares mensuales ningún adulto mayor está a salvo,jlsupplyca,Sat Apr 11 18:37:18 +0000 2020,0,0,873,287,es,Venezuela
id,text,screen_name,created_at,retweet_count,favorite_count,friends_count,followers_count,lang,country
1249043901001973766,"RT @EmmaRincon: El coronavirus no es un castigo divino, tampoco es fruto de un accidente.

El coronavirus que ha asesinado cientos de miles…",mblanco_,Sat Apr 11 18:37:26 +0000 2020,0,0,477,763,es,None
1249043900955680771,[SPAM] This Is How UK Prime Minister Boris Johnson Got COVID-19  https://t.co/DcxHjWLmW1 via @Check4Spam,bkbirla,Sat Apr 11 18:37:26 +0000 2020,0,0,1443,2887,en,India
